{"actions":[],"apps":[{"acl":{"app":[],"field":[],"record":[]},"app":null,"category":{"categories":[],"useCategory":"false"},"form":{"layout":"[{\"id\":null,\"type\":\"ROW\",\"isSubTable\":false,\"var\":null,\"label\":null,\"controlList\":[{\"isVirtical\":true,\"styleMap\":{\"width\":193},\"type\":\"DECIMAL\",\"var\":\"target_app_id\",\"label\":\"Target App ID\"},{\"isVirtical\":true,\"styleMap\":{\"width\":193},\"type\":\"SINGLE_LINE_TEXT\",\"var\":\"target_app_record_id\",\"label\":\"Target App Record ID\"},{\"isVirtical\":true,\"styleMap\":{\"width\":193},\"type\":\"SINGLE_LINE_TEXT\",\"var\":\"root_folder_name\",\"label\":\"Root Folder Name\"},{\"isVirtical\":true,\"styleMap\":{\"width\":193},\"type\":\"SINGLE_LINE_TEXT\",\"var\":\"dropbox_folder_name\",\"label\":\"Dropbox Folder Name\"},{\"isVirtical\":true,\"styleMap\":{\"width\":193},\"type\":\"SINGLE_LINE_TEXT\",\"var\":\"dropbox_folder_id\",\"label\":\"Dropbox Folder ID\"}]},{\"id\":null,\"type\":\"ROW\",\"isSubTable\":false,\"var\":null,\"label\":null,\"controlList\":[{\"isVirtical\":true,\"styleMap\":{\"width\":193},\"type\":\"SINGLE_LINE_TEXT\",\"var\":\"namespace_id\",\"label\":\"Dropbox Space ID\"},{\"isVirtical\":true,\"styleMap\":{\"width\":233},\"type\":\"SINGLE_LINE_TEXT\",\"var\":\"namespace_name\",\"label\":\"Dropbox Name Space Name\"}]}]","revision":null},"iconMeta":null,"info":{"automaticallyChooseTitleComponent":"true","code":null,"decimalPrecision":"16","decimalScale":"4","description":"\u003Cdiv\u003E\u003Cbr /\u003E\u003C/div\u003E","enableBulkDeletion":"false","enableRecordReuse":"true","fiscalYearStartMonth":"4","iconKey":"APP39","iconType":"PRESET","jsFiles":null,"jsScope":"ALL","name":"Dropbox Folder Information","roundingMode":"HALF_EVEN","theme":"PLAIN","titleComponentLocalId":null,"useComment":"true","useHistory":"true","useThumbnail":"true"},"jsFiles":[],"notification":{"appNotifications":[{"events":["RECORD_COMMENT_ADDED"],"target":{"entityId":"5958830","entityType":"FIELD_ENTITY","includeSubs":"false"}},{"events":["RECORD_COMMENT_ADDED"],"target":{"entityId":"5958831","entityType":"FIELD_ENTITY","includeSubs":"false"}}],"recordNotifications":[],"reminderTimezone":null,"reminders":[],"useComment":"true","useReminder":"false"},"plugins":[],"reports":[],"resource":{"tables":[{"rows":[{"fields":[],"objectId":"0","subObjectId":"-1"}],"type":"AppName"},{"rows":[{"fields":[],"objectId":"0","subObjectId":"-1"}],"type":"AppDescription"},{"rows":[{"fields":[],"objectId":"5958829","subObjectId":"-1"},{"fields":[],"objectId":"5958830","subObjectId":"-1"},{"fields":[],"objectId":"5958831","subObjectId":"-1"},{"fields":[],"objectId":"5958832","subObjectId":"-1"},{"fields":[],"objectId":"5958833","subObjectId":"-1"},{"fields":[],"objectId":"5958834","subObjectId":"-1"},{"fields":[],"objectId":"5958835","subObjectId":"-1"},{"fields":[],"objectId":"5958836","subObjectId":"-1"},{"fields":[],"objectId":"5958839","subObjectId":"-1"},{"fields":[],"objectId":"5958840","subObjectId":"-1"},{"fields":[],"objectId":"5958841","subObjectId":"-1"},{"fields":[],"objectId":"5958842","subObjectId":"-1"},{"fields":[],"objectId":"5958843","subObjectId":"-1"},{"fields":[],"objectId":"6289177","subObjectId":"-1"},{"fields":[],"objectId":"6289178","subObjectId":"-1"}],"type":"FieldLabel"},{"rows":[{"fields":[],"objectId":"20","subObjectId":"-1"}],"type":"ViewName"}]},"schema":{"groups":[],"revision":null,"subTable":{},"table":{"fieldList":{"5958829":{"id":"5958829","label":"レコード番号","properties":{"noLabel":"false","required":"true"},"type":"RECORD_ID","var":"レコード番号"},"5958830":{"id":"5958830","label":"更新者","properties":{"noLabel":"false","required":"true"},"type":"MODIFIER","var":"更新者"},"5958831":{"id":"5958831","label":"作成者","properties":{"noLabel":"false","required":"true"},"type":"CREATOR","var":"作成者"},"5958832":{"id":"5958832","label":"更新日時","properties":{"noLabel":"false","required":"true"},"type":"MODIFIED_AT","var":"更新日時"},"5958833":{"id":"5958833","label":"作成日時","properties":{"noLabel":"false","required":"true"},"type":"CREATED_AT","var":"作成日時"},"5958834":{"id":"5958834","label":"ステータス","properties":{"noLabel":"false","required":"false"},"type":"STATUS","var":"ステータス"},"5958835":{"id":"5958835","label":"作業者","properties":{"noLabel":"false","required":"false"},"type":"STATUS_ASSIGNEE","var":"作業者"},"5958836":{"id":"5958836","label":"カテゴリー","properties":{"noLabel":"false","required":"false"},"type":"CATEGORY","var":"カテゴリー"},"5958839":{"id":"5958839","label":"Target App ID","properties":{"defaultValue":null,"digit":"false","displayScale":null,"max":null,"min":null,"noLabel":"false","required":"true","roundingMode":null,"scale":null,"unique":"false","unit":"","unitPosition":"BEFORE"},"type":"DECIMAL","var":"target_app_id"},"5958840":{"id":"5958840","label":"Target App Record ID","properties":{"defaultValue":"","expression":"","hideExpression":"false","max":null,"min":null,"noLabel":"false","required":"false","unique":"false"},"type":"SINGLE_LINE_TEXT","var":"target_app_record_id"},"5958841":{"id":"5958841","label":"Dropbox Folder Name","properties":{"defaultValue":"","expression":"","hideExpression":"false","max":null,"min":null,"noLabel":"false","required":"false","unique":"false"},"type":"SINGLE_LINE_TEXT","var":"dropbox_folder_name"},"5958842":{"id":"5958842","label":"Dropbox Folder ID","properties":{"defaultValue":"","expression":"","hideExpression":"false","max":null,"min":null,"noLabel":"false","required":"false","unique":"false"},"type":"SINGLE_LINE_TEXT","var":"dropbox_folder_id"},"5958843":{"id":"5958843","label":"Root Folder Name","properties":{"defaultValue":"","expression":"","hideExpression":"false","max":null,"min":null,"noLabel":"false","required":"false","unique":"false"},"type":"SINGLE_LINE_TEXT","var":"root_folder_name"},"6289177":{"id":"6289177","label":"Dropbox Space ID","properties":{"defaultValue":"","expression":"","hideExpression":"false","max":null,"min":null,"noLabel":"false","required":"false","unique":"false"},"type":"SINGLE_LINE_TEXT","var":"namespace_id"},"6289178":{"id":"6289178","label":"Dropbox Name Space Name","properties":{"defaultValue":"","expression":"","hideExpression":"false","max":null,"min":null,"noLabel":"false","required":"false","unique":"false"},"type":"SINGLE_LINE_TEXT","var":"namespace_name"}},"id":"1","label":"__ROOT__","properties":{"noLabel":"true"},"type":"TABLE","var":"__ROOT__"}},"settingsNotesForm":{"content":null,"willBeInherited":null},"status":{"actions":[],"filters":[],"initialStateId":null,"states":[],"useStatus":"false"},"uuid":"7653dfb9-a7f7-4842-aeda-6d6dcb2beab2","views":[{"advancedMode":null,"builtinType":"ALL","device":null,"fields":[{"row":[{"columnWidth":null,"id":"5958829"},{"columnWidth":null,"id":"5958839"},{"columnWidth":null,"id":"5958840"},{"columnWidth":null,"id":"5958841"},{"columnWidth":null,"id":"5958842"},{"columnWidth":null,"id":"5958843"},{"columnWidth":null,"id":"6289177"},{"columnWidth":null,"id":"6289178"}]}],"filter":{"category":null,"offset":null,"order":[],"q":null,"size":null,"sort":[]},"html":null,"keyFieldId":null,"name":"（すべて）","pager":null,"revision":null,"titleFieldId":null,"view":"20","viewType":"LIST"}]}],"description":"","iconKey":"APP39","iconMeta":null,"iconSrcAppId":"7653dfb9-a7f7-4842-aeda-6d6dcb2beab2","iconType":"PRESET","imagesMeta":[],"lookups":[],"name":"Dropbox folder information-v2","references":[],"version":"36"}